{
  "model_type": "LogisticRegression",
  "test_set_size": 105,
  "feature_count": 30,
  "metrics": {
    "accuracy": 0.9619047619047619,
    "precision": 0.967741935483871,
    "recall": 0.9090909090909091,
    "f1_score": 0.9374999999999999,
    "support": {
      "total_samples": 105,
      "positive_samples": 33,
      "negative_samples": 72
    },
    "confusion_matrix": {
      "tn": 71,
      "fp": 1,
      "fn": 3,
      "tp": 30
    },
    "specificity": 0.9861111111111112,
    "roc_auc": 0.9957912457912458,
    "classification_report": {
      "0": {
        "precision": 0.9594594594594594,
        "recall": 0.9861111111111112,
        "f1-score": 0.9726027397260274,
        "support": 72.0
      },
      "1": {
        "precision": 0.967741935483871,
        "recall": 0.9090909090909091,
        "f1-score": 0.9374999999999999,
        "support": 33.0
      },
      "accuracy": 0.9619047619047619,
      "macro avg": {
        "precision": 0.9636006974716652,
        "recall": 0.9476010101010102,
        "f1-score": 0.9550513698630136,
        "support": 105.0
      },
      "weighted avg": {
        "precision": 0.9620625233528459,
        "recall": 0.9619047619047619,
        "f1-score": 0.9615704500978474,
        "support": 105.0
      }
    }
  },
  "predictions": {
    "y_true": [
      0,
      1,
      0,
      0,
      1,
      0,
      1,
      0,
      1,
      1,
      1,
      1,
      1,
      0,
      1,
      0,
      0,
      1,
      0,
      0,
      1,
      0,
      0,
      1,
      0,
      1,
      0,
      0,
      0,
      0,
      0,
      0,
      0,
      0,
      0,
      0,
      1,
      0,
      1,
      1,
      0,
      0,
      0,
      0,
      0,
      1,
      0,
      0,
      0,
      0,
      0,
      1,
      1,
      0,
      1,
      1,
      0,
      0,
      1,
      0,
      0,
      1,
      1,
      1,
      0,
      0,
      0,
      0,
      1,
      0,
      0,
      0,
      0,
      1,
      0,
      0,
      1,
      0,
      0,
      0,
      0,
      1,
      0,
      0,
      0,
      0,
      0,
      0,
      0,
      1,
      0,
      0,
      0,
      0,
      0,
      1,
      0,
      0,
      0,
      0,
      1,
      1,
      0,
      0,
      0
    ],
    "y_pred": [
      0,
      1,
      0,
      0,
      1,
      0,
      1,
      0,
      1,
      1,
      1,
      1,
      1,
      0,
      1,
      0,
      0,
      1,
      0,
      0,
      1,
      0,
      0,
      1,
      0,
      1,
      0,
      0,
      0,
      0,
      0,
      0,
      0,
      0,
      0,
      0,
      1,
      0,
      1,
      1,
      0,
      0,
      0,
      0,
      0,
      1,
      0,
      0,
      0,
      0,
      0,
      1,
      1,
      0,
      1,
      1,
      0,
      0,
      1,
      0,
      0,
      1,
      0,
      1,
      0,
      0,
      0,
      0,
      0,
      0,
      0,
      1,
      0,
      0,
      0,
      0,
      1,
      0,
      0,
      0,
      0,
      1,
      0,
      0,
      0,
      0,
      0,
      0,
      0,
      1,
      0,
      0,
      0,
      0,
      0,
      1,
      0,
      0,
      0,
      0,
      1,
      1,
      0,
      0,
      0
    ],
    "y_prob": [
      0.0074590709469508545,
      0.9999999995432682,
      0.000356507534099144,
      8.88897270908307e-05,
      0.9999805858424798,
      0.21867282587496617,
      0.9795512579249017,
      0.0003855674680196549,
      0.9999999995545508,
      0.99223418144734,
      0.9951626065147696,
      0.8487776084394194,
      0.6174273440847142,
      0.0004594178916629608,
      0.9871140702239973,
      0.007001421890783259,
      0.0001518388234886462,
      0.9984499200469328,
      0.23857473345181285,
      4.4140403817622544e-05,
      0.9999995965895887,
      9.283745053446835e-05,
      0.06494890884705254,
      0.7809047797211819,
      6.103174357888578e-05,
      0.9999997709993,
      0.023940238856344914,
      0.0002939331880634561,
      8.50957455109388e-06,
      5.6774825976889114e-05,
      1.4399817544704463e-05,
      0.0022375122708832773,
      0.0014212258391366364,
      6.496887777383049e-06,
      0.0012423802930296916,
      8.995815656785283e-05,
      0.9763228624201813,
      0.0001028232293484919,
      0.9610313263685538,
      0.9997070068355628,
      1.4006212744900304e-06,
      0.0006813396864637057,
      0.010162416980647146,
      0.001043347518515806,
      7.671329154471833e-08,
      0.9999991905127719,
      0.1497031787365972,
      7.165958590759492e-07,
      0.0014649803598177267,
      2.620138037487017e-05,
      0.0009211180745676101,
      0.9968788342330198,
      0.9999980885455767,
      0.014932725158000445,
      0.9994347393626174,
      0.9989976989436528,
      0.01082188381397251,
      0.008551784091272498,
      0.9995679210246857,
      0.0006441585187437017,
      9.706049020753817e-05,
      0.9995159953007599,
      0.09580900112059078,
      0.99996521936046,
      0.2968834251926886,
      0.00022966267830416758,
      0.001669777554290044,
      0.00025374434605269987,
      0.40232005903465745,
      0.0009698772278708256,
      0.010619597276686392,
      0.5371607308102595,
      0.11115278800552204,
      0.29384417894515896,
      0.0028656353110013775,
      0.00014294894381992976,
      0.9999981034864448,
      0.0014006527562789059,
      0.00037309926106454677,
      0.002112556884125078,
      0.0009143610256671018,
      0.9999933438754665,
      0.05376464050484407,
      0.020106775673848935,
      0.0024383042903704886,
      0.0016825159155755714,
      2.175043321446844e-05,
      0.0880110443514846,
      0.029772851126404338,
      0.9999655821021544,
      0.000357228907873462,
      0.003964293128776327,
      0.0006246554284220577,
      0.02362863380974681,
      0.001194374539493811,
      0.9995849633714179,
      0.0026439293368680024,
      0.03673084020853452,
      0.011799422026513181,
      0.008592827235256246,
      0.9990800093443056,
      0.9985784721895121,
      0.0004354191140144761,
      0.13931357654544682,
      0.09254080716054826
    ]
  }
}